{
    "data":{
        "attributes":{
            "normal":{
                "type":"Float32Array",
                "itemSize":3,
                "array":[0,0,-1,0.20127,0,-0.979522,0,0,-1,0.2013,0,-0.979522,0.39433,0,-0.918943,0.39433,0,-0.918943,0.571245,0,-0.820734,0.571245,0,-0.820765,0.724784,0,-0.688955,0.724784,0,-0.688955,0.848628,0,-0.528947,0.848628,0,-0.528947,0.937742,0,-0.347301,0.937742,0,-0.347301,0.988464,0,-0.151402,0.988464,0,-0.151402,0.998688,0,0.0506302,0.998688,0,0.0506302,0.968047,0,0.250649,0.968047,0,0.250649,0.897794,0,0.440382,0.897794,0,0.440382,0.790765,0,0.612079,0.790765,0,0.612079,0.651357,0,0.758751,0.651357,0,0.758751,0.485275,0,0.874325,0.485305,0,0.874325,0.299356,0,0.954131,0.299356,0,0.954131,0.101138,0,0.994842,0.101138,0,0.994842,-0.101138,0,0.994842,-0.101138,0,0.994842,-0.299356,0,0.954131,-0.299356,0,0.954131,-0.485305,0,0.874325,-0.485275,0,0.874325,-0.651357,0,0.758751,-0.651357,0,0.758751,-0.790765,0,0.612079,-0.790765,0,0.612079,-0.897794,0,0.440382,-0.897794,0,0.440382,-0.968078,0,0.250618,-0.968078,0,0.250649,-0.998688,0,0.0506302,-0.998688,0,0.0506302,-0.988464,0,-0.151402,-0.988464,0,-0.151402,-0.937742,0,-0.347301,-0.937742,0,-0.347301,-0.848628,0,-0.528947,-0.848628,0,-0.528947,-0.724784,0,-0.688955,-0.724784,0,-0.688955,-0.571245,0,-0.820734,-0.571245,0,-0.820765,-0.39433,0,-0.918943,0,1,0,0,1,0,0,1,0,-0.39433,0,-0.918943,-0.2013,0,-0.979522,-0.20127,0,-0.979522,0,-1,0,0,-1,0,0,-1,0,0,1,0,0,1,3.05185e-05,0,1,0,0,0.999969,0,0,1,0,0,1,-6.1037e-05,0,1,0,0,1,0,0,0.999969,0,0,1,0,0,0.999969,0,0,1,0,0,1,0,0,1,-6.1037e-05,0,1,-3.05185e-05,0,1,0,0,1,3.05185e-05,0,1,0,0,1,-6.1037e-05,0,1,0,0,1,0,0,1,0,0,1,0,0,0.999969,0,0,1,0,0,1,-3.05185e-05,0,1,3.05185e-05,0,1,0,0,-1,0,0,-0.999969,0,0,-1,0,0,-1,0,0,-1,0,0,-0.999969,0,0,-0.999969,0,0,-1,0,0,-1,0,0,-1,0,0,-1,0,0,-1,0,0,-1,0,0,-0.999969,0,0,-0.999969,0,0,-1,0,0,-1,0,0,-1,0,0,-0.999969,0,0,-1,0,0,-1,0,0,-1,0,0,-0.999969,0,0,-1,0,0,-0.999969,0,0,-1,0,0,-1,0,0,-0.999969,0]
            },
            "position":{
                "type":"Float32Array",
                "itemSize":3,
                "array":[-1.98354,4.94977,3.00625,-1.94151,1.04478,3.01052,-1.98354,1.04478,3.00625,-1.94151,4.94977,3.01052,-1.9012,1.04478,3.02317,-1.9012,4.94977,3.02317,-1.86427,1.04478,3.04367,-1.86427,4.94977,3.04367,-1.83221,1.04478,3.07119,-1.83221,4.94977,3.07119,-1.80635,1.04478,3.10459,-1.80635,4.94977,3.10459,-1.78775,1.04478,3.14252,-1.78775,4.94977,3.14252,-1.77716,1.04478,3.18342,-1.77716,4.94977,3.18342,-1.77502,1.04478,3.22561,-1.77502,4.94977,3.22561,-1.78142,1.04478,3.26736,-1.78142,4.94977,3.26736,-1.79609,1.04478,3.30698,-1.79609,4.94977,3.30698,-1.81844,1.04478,3.34283,-1.81844,4.94977,3.34283,-1.84754,1.04478,3.37345,-1.84754,4.94977,3.37345,-1.88221,1.04478,3.39758,-1.88221,4.94977,3.39758,-1.92103,1.04478,3.41424,-1.92103,4.94977,3.41424,-1.96241,1.04478,3.42274,-1.96241,4.94977,3.42274,-2.00466,1.04478,3.42274,-2.00466,4.94977,3.42274,-2.04604,1.04478,3.41424,-2.04604,4.94977,3.41424,-2.08486,1.04478,3.39758,-2.08486,4.94977,3.39758,-2.11953,1.04478,3.37345,-2.11953,4.94977,3.37345,-2.14864,1.04478,3.34283,-2.14864,4.94977,3.34283,-2.17098,1.04478,3.30698,-2.17098,4.94977,3.30698,-2.18565,1.04478,3.26736,-2.18565,4.94977,3.26736,-2.19205,1.04478,3.22561,-2.19205,4.94977,3.22561,-2.18991,1.04478,3.18342,-2.18991,4.94977,3.18342,-2.17932,1.04478,3.14252,-2.17932,4.94977,3.14252,-2.16072,1.04478,3.10459,-2.16072,4.94977,3.10459,-2.13486,1.04478,3.07119,-2.13486,4.94977,3.07119,-2.10281,1.04478,3.04367,-2.10281,4.94977,3.04367,-2.06587,1.04478,3.02317,-2.11953,4.94977,3.37345,-1.77716,4.94977,3.18342,-1.86427,4.94977,3.04367,-2.06587,4.94977,3.02317,-2.02556,1.04478,3.01052,-2.02556,4.94977,3.01052,-2.04604,1.04478,3.41424,-2.17098,1.04478,3.30698,-2.06587,1.04478,3.02317,-1.9012,4.94977,3.02317,-1.94151,4.94977,3.01052,-1.98354,4.94977,3.00625,-2.02556,4.94977,3.01052,-2.06587,4.94977,3.02317,-2.10281,4.94977,3.04367,-2.13486,4.94977,3.07119,-2.16072,4.94977,3.10459,-2.17932,4.94977,3.14252,-2.18991,4.94977,3.18342,-2.19205,4.94977,3.22561,-2.18565,4.94977,3.26736,-2.17098,4.94977,3.30698,-2.14864,4.94977,3.34283,-2.08486,4.94977,3.39758,-1.96241,4.94977,3.42274,-2.04604,4.94977,3.41424,-2.00466,4.94977,3.42274,-1.92103,4.94977,3.41424,-1.88221,4.94977,3.39758,-1.84754,4.94977,3.37345,-1.81844,4.94977,3.34283,-1.79609,4.94977,3.30698,-1.78142,4.94977,3.26736,-1.77502,4.94977,3.22561,-1.78775,4.94977,3.14252,-1.80635,4.94977,3.10459,-1.83221,4.94977,3.07119,-2.02556,1.04478,3.01052,-1.98354,1.04478,3.00625,-1.94151,1.04478,3.01052,-1.9012,1.04478,3.02317,-1.86427,1.04478,3.04367,-1.83221,1.04478,3.07119,-1.80635,1.04478,3.10459,-1.78775,1.04478,3.14252,-1.78142,1.04478,3.26736,-1.77716,1.04478,3.18342,-1.77502,1.04478,3.22561,-1.79609,1.04478,3.30698,-1.81844,1.04478,3.34283,-1.84754,1.04478,3.37345,-1.88221,1.04478,3.39758,-1.92103,1.04478,3.41424,-1.96241,1.04478,3.42274,-2.00466,1.04478,3.42274,-2.08486,1.04478,3.39758,-2.11953,1.04478,3.37345,-2.14864,1.04478,3.34283,-2.18565,1.04478,3.26736,-2.19205,1.04478,3.22561,-2.18991,1.04478,3.18342,-2.17932,1.04478,3.14252,-2.16072,1.04478,3.10459,-2.13486,1.04478,3.07119,-2.10281,1.04478,3.04367]
            }
        },
        "index":{
            "type":"Uint16Array",
            "itemSize":1,
            "array":[0,1,2,3,4,1,5,6,4,7,8,6,9,10,8,11,12,10,13,14,12,15,16,14,17,18,16,19,20,18,21,22,20,23,24,22,25,26,24,27,28,26,29,30,28,31,32,30,33,34,32,35,36,34,37,38,36,39,40,38,41,42,40,43,44,42,45,46,44,47,48,46,49,50,48,51,52,50,53,54,52,55,56,54,57,58,56,59,60,61,62,63,58,64,2,63,65,66,67,0,3,1,3,5,4,5,7,6,7,9,8,9,11,10,11,13,12,13,15,14,15,17,16,17,19,18,19,21,20,21,23,22,23,25,24,25,27,26,27,29,28,29,31,30,31,33,32,33,35,34,35,37,36,37,39,38,39,41,40,41,43,42,43,45,44,45,47,46,47,49,48,49,51,50,51,53,52,53,55,54,55,57,56,57,62,58,68,69,61,70,71,72,72,73,74,74,75,76,76,77,78,78,79,80,80,81,59,59,82,83,84,85,83,83,86,87,87,88,83,89,90,91,91,92,89,60,93,94,94,95,60,61,69,70,70,72,61,74,76,59,78,80,59,82,84,83,83,88,89,89,92,60,60,95,61,61,72,74,76,78,59,59,83,89,89,60,59,61,74,59,62,64,63,64,0,2,96,97,67,98,99,100,100,101,98,102,103,104,105,106,104,104,107,108,108,109,110,110,111,112,112,113,65,65,114,66,115,116,66,66,117,118,118,119,120,120,121,122,122,123,67,67,97,98,98,101,102,103,105,104,104,108,102,110,112,65,114,115,66,66,118,67,120,122,67,67,98,102,102,108,110,110,65,67,118,120,67,67,102,110]
        }
    },
    "metadata":{
        "version":3,
        "generator":"io_three",
        "type":"BufferGeometry",
        "position":124,
        "normal":124
    }
}